@azure/ms-rest-nodeauth, Microsoft Corporation, 2021-12-15T23:50:11.341Z, git+ssh://git@github.com/Azure/ms-rest-nodeauth.git
@azure/ms-rest-azure-js, Microsoft Corporation, 2021-01-26T22:56:58.497Z, git+ssh://git@github.com/Azure/ms-rest-azure-js.git
azure-iothub, Microsoft Corporation, 2024-03-21T14:04:15.454Z, git+https://github.com/Azure/azure-iot-hub-node.git
@actions/cache, N/A, 2024-02-01T17:51:41.384Z, git+https://github.com/actions/toolkit.git
@ts-common/azure-js-dev-tools, Microsoft Corporation, 2021-09-18T09:01:32.902Z, git+https://github.com/ts-common/azure-js-dev-tools.git
oav, Microsoft Corporation, 2024-07-15T20:35:02.586Z, https://github.com/azure/oav.git
@azure/cognitiveservices-computervision, Microsoft Corporation, 2022-03-02T02:18:34.111Z, git+https://github.com/Azure/azure-sdk-for-js.git
@azure/arm-appinsights, Microsoft Corporation, 2021-11-30T07:48:14.443Z, git+https://github.com/Azure/azure-sdk-for-js.git
@azure/arm-resourcegraph, Microsoft Corporation, 2021-08-04T08:45:00.668Z, git+https://github.com/Azure/azure-sdk-for-js.git
@azure/graph, Microsoft Corporation, 2021-08-04T08:47:52.195Z, git+https://github.com/Azure/azure-sdk-for-js.git
@azure/cognitiveservices-luis-authoring, Microsoft Corporation, 2020-05-20T09:36:56.108Z, git+https://github.com/Azure/azure-sdk-for-js.git
@azure/batch, N/A, 2024-09-03T22:40:12.225Z, https://github.com/Azure/azure-sdk-for-js.git
@azure/storage-file, Microsoft Corporation, 2019-09-10T05:43:48.571Z, git+https://github.com/Azure/azure-sdk-for-js.git
appcenter-cli, Microsoft, 2024-06-20T09:07:52.203Z, git+https://github.com/microsoft/appcenter-cli.git
vscode-azureextensionui, Microsoft Corporation, 2022-02-08T05:27:06.230Z, git+https://github.com/Microsoft/vscode-azuretools.git
@azure/cognitiveservices-luis-runtime, Microsoft Corporation, 2019-10-31T04:49:03.891Z, git+https://github.com/Azure/azure-sdk-for-js.git
@cloud-carbon-footprint/azure, N/A, 2024-01-03T19:26:32.338Z, git+https://github.com/cloud-carbon-footprint/cloud-carbon-footprint.git
@azure/cognitiveservices-translatortext, Microsoft Corporation, 2020-07-27T23:45:26.518Z, git+https://github.com/Azure/azure-sdk-for-js.git
@azure/cognitiveservices-qnamaker-runtime, Microsoft Corporation, 2020-08-10T17:54:35.069Z, git+https://github.com/Azure/azure-sdk-for-js.git
luis-apis, Microsoft, 2019-09-19T21:42:51.610Z, git+https://github.com/Microsoft/botbuilder-tools.git
@azure/connectors-dynamicsignal, Microsoft Corporation, 2020-09-17T00:13:04.262Z, git+https://github.com/Azure/Connectors.git
@azure/connectors-edifact, Microsoft Corporation, 2020-09-17T00:13:28.423Z, git+https://github.com/Azure/Connectors.git
@azure/connectors-leaddesk, Microsoft Corporation, 2020-09-17T01:08:59.795Z, git+https://github.com/Azure/Connectors.git
@azure/connectors-leankit, Microsoft Corporation, 2020-09-17T01:09:05.323Z, git+https://github.com/Azure/Connectors.git
@azure/connectors-faceapi, Microsoft Corporation, 2020-09-17T00:14:27.220Z, git+https://github.com/Azure/Connectors.git
@azure/connectors-mailchimp, Microsoft Corporation, 2020-09-17T01:43:20.028Z, git+https://github.com/Azure/Connectors.git
@azure/connectors-marketo, Microsoft Corporation, 2020-09-17T01:43:42.126Z, git+https://github.com/Azure/Connectors.git
@azure/connectors-msg91forsmstextnvoice, Microsoft Corporation, 2020-09-17T01:44:47.163Z, git+https://github.com/Azure/Connectors.git
@azure/connectors-msnweather, Microsoft Corporation, 2020-09-17T01:44:52.186Z, git+https://github.com/Azure/Connectors.git
@azure/connectors-gmail, Microsoft Corporation, 2020-09-15T20:06:26.180Z, git+https://github.com/Azure/Connectors.git
@azure/connectors-googlecontacts, Microsoft Corporation, 2020-09-17T01:05:32.196Z, git+https://github.com/Azure/Connectors.git
@azure/connectors-notiivybrowsernotifications, Microsoft Corporation, 2020-09-17T01:45:22.750Z, git+https://github.com/Azure/Connectors.git
@azure/connectors-gototraining, Microsoft Corporation, 2020-09-17T01:05:58.644Z, git+https://github.com/Azure/Connectors.git
@azure/connectors-office365outlook, Microsoft Corporation, 2020-09-15T20:06:58.350Z, git+https://github.com/Azure/Connectors.git
@azure/connectors-httpwithazuread, Microsoft Corporation, 2020-09-15T20:08:55.282Z, git+https://github.com/Azure/Connectors.git
@azure/connectors-imprezian360crm, Microsoft Corporation, 2020-09-17T01:06:53.528Z, git+https://github.com/Azure/Connectors.git
@azure/connectors-onenote, Microsoft Corporation, 2020-09-17T01:45:50.150Z, git+https://github.com/Azure/Connectors.git
@azure/connectors-pagerduty, Microsoft Corporation, 2020-09-17T01:46:08.518Z, git+https://github.com/Azure/Connectors.git
@azure/connectors-postgresql, Microsoft Corporation, 2020-09-17T02:17:54.085Z, git+https://github.com/Azure/Connectors.git
@azure/connectors-recordedfuture, Microsoft Corporation, 2020-09-17T02:18:25.062Z, git+https://github.com/Azure/Connectors.git
@azure/connectors-linkedinv2, Microsoft Corporation, 2020-09-17T01:09:17.653Z, git+https://github.com/Azure/Connectors.git
@azure/connectors-marketingcontenthub, Microsoft Corporation, 2020-09-17T01:43:36.859Z, git+https://github.com/Azure/Connectors.git
@azure/connectors-sendmode, Microsoft Corporation, 2020-09-17T02:19:16.840Z, git+https://github.com/Azure/Connectors.git
@azure/connectors-servicenow, Microsoft Corporation, 2020-09-17T02:19:28.172Z, git+https://github.com/Azure/Connectors.git
@azure/connectors-microsoftforms, Microsoft Corporation, 2020-09-17T01:44:08.128Z, git+https://github.com/Azure/Connectors.git
@azure/connectors-microsoftstaffhub, Microsoft Corporation, 2020-09-17T02:21:13.457Z, git+https://github.com/Azure/Connectors.git
@azure/connectors-microsoftteams, Microsoft Corporation, 2020-09-15T20:08:36.856Z, git+https://github.com/Azure/Connectors.git
@azure/connectors-smtp, Microsoft Corporation, 2020-09-17T02:20:47.624Z, git+https://github.com/Azure/Connectors.git
@azure/connectors-onedriveforbusiness, Microsoft Corporation, 2020-09-15T20:07:17.218Z, git+https://github.com/Azure/Connectors.git
@azure/connectors-opentextcs, Microsoft Corporation, 2020-09-17T01:45:55.861Z, git+https://github.com/Azure/Connectors.git
@azure/connectors-triggercmd, Microsoft Corporation, 2020-09-17T03:01:40.853Z, git+https://github.com/Azure/Connectors.git
@azure/connectors-workpoint, Microsoft Corporation, 2020-09-17T03:02:48.140Z, git+https://github.com/Azure/Connectors.git
@azure/connectors-zendesk, Microsoft Corporation, 2020-09-17T03:03:22.498Z, git+https://github.com/Azure/Connectors.git
@azure/connectors-qnamaker, Microsoft Corporation, 2020-09-17T00:12:03.525Z, git+https://github.com/Azure/Connectors.git
@azure/connectors-sage100cloudcompta, Microsoft Corporation, 2020-09-17T02:18:56.092Z, git+https://github.com/Azure/Connectors.git
@azure/connectors-serverless360bamtracking, Microsoft Corporation, 2020-09-17T02:19:21.863Z, git+https://github.com/Azure/Connectors.git
@azure/connectors-servicebus, Microsoft Corporation, 2020-09-15T20:08:06.200Z, git+https://github.com/Azure/Connectors.git
@azure/connectors-teamworkprojects, Microsoft Corporation, 2020-09-17T03:00:39.335Z, git+https://github.com/Azure/Connectors.git
@azure/connectors-witivio, Microsoft Corporation, 2020-09-15T20:09:02.068Z, git+https://github.com/Azure/Connectors.git
@azure/connectors-ahead, Microsoft Corporation, 2020-09-16T23:12:12.539Z, git+https://github.com/Azure/Connectors.git
@azure/connectors-apacheimpala, Microsoft Corporation, 2020-09-17T01:06:46.954Z, git+https://github.com/Azure/Connectors.git
@azure/connectors-appointmentscheduling10to8, Microsoft Corporation, 2020-09-16T23:11:42.581Z, git+https://github.com/Azure/Connectors.git
@azure/connectors-atbotlogic, Microsoft Corporation, 2020-09-16T23:14:28.442Z, git+https://github.com/Azure/Connectors.git
@azure/connectors-azurefilestorage, Microsoft Corporation, 2020-09-15T20:04:59.634Z, git+https://github.com/Azure/Connectors.git
@azure/connectors-azuretablestorage, Microsoft Corporation, 2020-09-15T20:05:17.265Z, git+https://github.com/Azure/Connectors.git
@azure/connectors-azurevm, Microsoft Corporation, 2020-09-15T20:05:22.527Z, git+https://github.com/Azure/Connectors.git
@azure/connectors-commondataservice, Microsoft Corporation, 2020-09-15T20:05:35.107Z, git+https://github.com/Azure/Connectors.git
@azure/connectors-amazonredshift, Microsoft Corporation, 2020-09-16T23:12:30.313Z, git+https://github.com/Azure/Connectors.git
@azure/connectors-azureappservice, Microsoft Corporation, 2020-09-16T23:13:25.996Z, git+https://github.com/Azure/Connectors.git
@azure/connectors-azuremonitorlogs, Microsoft Corporation, 2020-09-15T20:05:11.010Z, git+https://github.com/Azure/Connectors.git
@azure/connectors-encodian, Microsoft Corporation, 2020-09-17T00:13:56.771Z, git+https://github.com/Azure/Connectors.git
@azure/connectors-basecamp2, Microsoft Corporation, 2020-09-16T23:13:43.561Z, git+https://github.com/Azure/Connectors.git
@azure/connectors-bingmaps, Microsoft Corporation, 2020-09-16T23:13:54.704Z, git+https://github.com/Azure/Connectors.git
@azure/connectors-blackbaudraisersedgenxt, Microsoft Corporation, 2020-09-16T23:14:39.947Z, git+https://github.com/Azure/Connectors.git
@azure/connectors-freshdesk, Microsoft Corporation, 2020-09-17T01:04:46.907Z, git+https://github.com/Azure/Connectors.git
@azure/connectors-cloudmersivenlp, Microsoft Corporation, 2020-09-17T00:11:38.225Z, git+https://github.com/Azure/Connectors.git
@azure/connectors-commercient, Microsoft Corporation, 2020-09-17T00:12:13.185Z, git+https://github.com/Azure/Connectors.git
@azure/connectors-gotowebinar, Microsoft Corporation, 2020-09-17T01:06:04.958Z, git+https://github.com/Azure/Connectors.git
@azure/connectors-hipchat, Microsoft Corporation, 2020-09-17T01:06:25.154Z, git+https://github.com/Azure/Connectors.git
@azure/connectors-docfusion365, Microsoft Corporation, 2020-09-17T00:12:50.547Z, git+https://github.com/Azure/Connectors.git
@azure/cognitiveservices-customvision-prediction, Microsoft Corporation, 2020-07-31T19:36:03.919Z, git+https://github.com/Azure/azure-sdk-for-js.git
@azure/connectors-cloudmersivedatavalidation, Microsoft Corporation, 2020-09-17T00:11:33.398Z, git+https://github.com/Azure/Connectors.git
@azure/connectors-airslate, Microsoft Corporation, 2020-09-16T23:12:18.164Z, git+https://github.com/Azure/Connectors.git
@azure/connectors-cordablockchain, Microsoft Corporation, 2020-09-16T23:14:46.432Z, git+https://github.com/Azure/Connectors.git
@azure/connectors-docusign, Microsoft Corporation, 2020-09-17T00:12:59.626Z, git+https://github.com/Azure/Connectors.git
@azure/connectors-easyredmine, Microsoft Corporation, 2020-09-17T00:13:19.085Z, git+https://github.com/Azure/Connectors.git
@azure/connectors-azureiotcentral, Microsoft Corporation, 2020-09-17T01:08:04.005Z, git+https://github.com/Azure/Connectors.git
@azure/connectors-serwersms, Microsoft Corporation, 2020-09-17T02:19:34.951Z, git+https://github.com/Azure/Connectors.git
@azure/connectors-shareeffect, Microsoft Corporation, 2020-09-17T02:19:46.964Z, git+https://github.com/Azure/Connectors.git
@azure/connectors-slack, Microsoft Corporation, 2020-09-15T20:08:24.247Z, git+https://github.com/Azure/Connectors.git
@azure/connectors-surveymonkey, Microsoft Corporation, 2020-09-17T03:00:12.058Z, git+https://github.com/Azure/Connectors.git
@azure/connectors-tilkee, Microsoft Corporation, 2020-09-17T03:01:03.935Z, git+https://github.com/Azure/Connectors.git
@azure/connectors-vantage365imaging, Microsoft Corporation, 2020-09-17T03:02:05.361Z, git+https://github.com/Azure/Connectors.git
@azure/connectors-billspls, Microsoft Corporation, 2020-09-16T23:13:49.025Z, git+https://github.com/Azure/Connectors.git
@azure/connectors-bitbucket, Microsoft Corporation, 2020-09-16T23:14:08.173Z, git+https://github.com/Azure/Connectors.git
@azure/connectors-bttn, Microsoft Corporation, 2020-09-16T23:15:03.185Z, git+https://github.com/Azure/Connectors.git
@azure/connectors-ftp, Microsoft Corporation, 2020-09-15T20:06:17.822Z, git+https://github.com/Azure/Connectors.git
@azure/connectors-googledrive, Microsoft Corporation, 2020-09-17T01:05:38.257Z, git+https://github.com/Azure/Connectors.git
@azure/connectors-informix, Microsoft Corporation, 2020-09-17T01:07:24.478Z, git+https://github.com/Azure/Connectors.git
@azure/connectors-intercom, Microsoft Corporation, 2020-09-17T01:07:57.458Z, git+https://github.com/Azure/Connectors.git
@azure/connectors-jira, Microsoft Corporation, 2020-09-17T01:08:14.287Z, git+https://github.com/Azure/Connectors.git
@azure/connectors-elasticforms, Microsoft Corporation, 2020-09-17T00:13:37.561Z, git+https://github.com/Azure/Connectors.git
@azure/connectors-ethereumblockchain, Microsoft Corporation, 2020-09-16T23:14:51.678Z, git+https://github.com/Azure/Connectors.git
@azure/connectors-eventbrite, Microsoft Corporation, 2020-09-17T00:14:16.026Z, git+https://github.com/Azure/Connectors.git
@azure/connectors-livechat, Microsoft Corporation, 2020-09-17T01:43:03.599Z, git+https://github.com/Azure/Connectors.git
@azure/connectors-microblink, Microsoft Corporation, 2020-09-17T01:44:02.153Z, git+https://github.com/Azure/Connectors.git
@azure/connectors-microsofttranslator, Microsoft Corporation, 2020-09-17T01:44:22.758Z, git+https://github.com/Azure/Connectors.git
@azure/connectors-microsofttranslatorv2, Microsoft Corporation, 2020-09-17T03:01:27.383Z, git+https://github.com/Azure/Connectors.git
@azure/connectors-github, Microsoft Corporation, 2020-09-17T01:05:12.294Z, git+https://github.com/Azure/Connectors.git
@azure/connectors-nitro, Microsoft Corporation, 2020-09-17T01:45:17.920Z, git+https://github.com/Azure/Connectors.git
@azure/connectors-onedrive, Microsoft Corporation, 2020-09-15T20:07:10.156Z, git+https://github.com/Azure/Connectors.git
@azure/connectors-indkycindia, Microsoft Corporation, 2020-09-17T01:06:59.764Z, git+https://github.com/Azure/Connectors.git
@azure/connectors-integrablepdf, Microsoft Corporation, 2020-09-17T01:07:51.812Z, git+https://github.com/Azure/Connectors.git
@azure/connectors-kintone, Microsoft Corporation, 2020-09-17T01:08:26.539Z, git+https://github.com/Azure/Connectors.git
@azure/connectors-pushcut, Microsoft Corporation, 2020-09-17T02:18:19.788Z, git+https://github.com/Azure/Connectors.git
@azure/connectors-latinsharedocuments, Microsoft Corporation, 2020-09-17T01:08:40.850Z, git+https://github.com/Azure/Connectors.git
@azure/connectors-mailparser, Microsoft Corporation, 2020-09-17T01:43:26.247Z, git+https://github.com/Azure/Connectors.git
@azure/connectors-meetingroommap, Microsoft Corporation, 2020-09-17T01:43:56.461Z, git+https://github.com/Azure/Connectors.git
@azure/connectors-microsoftdefenderatp, Microsoft Corporation, 2020-09-17T03:02:17.442Z, git+https://github.com/Azure/Connectors.git
@azure/connectors-microsofttodo, Microsoft Corporation, 2020-09-17T03:01:09.513Z, git+https://github.com/Azure/Connectors.git
@azure/connectors-solyp, Microsoft Corporation, 2020-09-17T02:20:58.188Z, git+https://github.com/Azure/Connectors.git
@azure/connectors-muhimbipdf, Microsoft Corporation, 2020-09-17T01:45:03.208Z, git+https://github.com/Azure/Connectors.git
@azure/connectors-sparkpost, Microsoft Corporation, 2020-09-17T02:21:03.139Z, git+https://github.com/Azure/Connectors.git
@azure/connectors-office365video, Microsoft Corporation, 2020-09-17T01:45:44.510Z, git+https://github.com/Azure/Connectors.git
@azure/connectors-trustual, Microsoft Corporation, 2020-09-17T03:01:46.840Z, git+https://github.com/Azure/Connectors.git
@azure/connectors-oracledatabase, Microsoft Corporation, 2020-09-15T20:07:22.430Z, git+https://github.com/Azure/Connectors.git
@azure/connectors-outlook, Microsoft Corporation, 2020-09-15T20:07:27.816Z, git+https://github.com/Azure/Connectors.git
@azure/connectors-uservoice, Microsoft Corporation, 2020-09-17T03:01:59.362Z, git+https://github.com/Azure/Connectors.git
@azure/connectors-webexteams, Microsoft Corporation, 2020-09-17T03:02:23.522Z, git+https://github.com/Azure/Connectors.git
@azure/connectors-wordpress, Microsoft Corporation, 2020-09-17T03:02:41.908Z, git+https://github.com/Azure/Connectors.git
@azure/connectors-x12, Microsoft Corporation, 2020-09-17T03:02:53.913Z, git+https://github.com/Azure/Connectors.git
@azure/connectors-pitneybowesdatavalidation, Microsoft Corporation, 2020-09-17T01:47:12.685Z, git+https://github.com/Azure/Connectors.git
@azure/connectors-powerbi, Microsoft Corporation, 2020-09-15T20:07:40.894Z, git+https://github.com/Azure/Connectors.git
@azure/connectors-projectumpresentit, Microsoft Corporation, 2020-09-17T02:18:09.570Z, git+https://github.com/Azure/Connectors.git
@azure/connectors-pureleads, Microsoft Corporation, 2020-09-17T02:18:14.658Z, git+https://github.com/Azure/Connectors.git
@azure/connectors-appfigures, Microsoft Corporation, 2020-09-16T23:12:35.553Z, git+https://github.com/Azure/Connectors.git
@azure/connectors-appsforopstimeline, Microsoft Corporation, 2020-09-16T23:12:40.839Z, git+https://github.com/Azure/Connectors.git
azure-maps-rest, Microsoft Corporation, 2023-11-30T06:21:07.903Z, N/A
@a11ywatch/mav, N/A, 2024-02-22T18:32:36.452Z, git+https://github.com/a11ywatch/mav.git
@azure/connectors-act, Microsoft Corporation, 2020-09-16T23:11:48.662Z, git+https://github.com/Azure/Connectors.git
@azure/connectors-adobecreativecloud, Microsoft Corporation, 2020-09-16T23:12:00.782Z, git+https://github.com/Azure/Connectors.git
@azure/connectors-axtensioncontentgate, Microsoft Corporation, 2020-09-16T23:13:14.038Z, git+https://github.com/Azure/Connectors.git
@azure/connectors-casper365, Microsoft Corporation, 2020-09-16T23:15:22.327Z, git+https://github.com/Azure/Connectors.git
@azure/connectors-agilite, Microsoft Corporation, 2020-09-16T23:12:07.184Z, git+https://github.com/Azure/Connectors.git
@azure/connectors-authentiselineitem, Microsoft Corporation, 2020-09-16T23:12:57.657Z, git+https://github.com/Azure/Connectors.git
@azure/connectors-linkedin, Microsoft Corporation, 2020-09-17T01:09:11.309Z, git+https://github.com/Azure/Connectors.git
@azure/connectors-livetilesbots, Microsoft Corporation, 2020-09-17T01:43:10.153Z, git+https://github.com/Azure/Connectors.git
@azure/connectors-flowforma, Microsoft Corporation, 2020-09-17T00:14:48.000Z, git+https://github.com/Azure/Connectors.git
@azure/connectors-formrecognizer, Microsoft Corporation, 2020-09-17T00:14:59.175Z, git+https://github.com/Azure/Connectors.git
@azure/connectors-microsoftschooldatasync, Microsoft Corporation, 2020-09-17T01:44:17.813Z, git+https://github.com/Azure/Connectors.git
@azure/connectors-office365groups, Microsoft Corporation, 2020-09-17T01:45:33.665Z, git+https://github.com/Azure/Connectors.git
@azure/connectors-harvest, Microsoft Corporation, 2020-09-17T01:06:12.702Z, git+https://github.com/Azure/Connectors.git
@azure/connectors-outlookcustomermanager, Microsoft Corporation, 2020-09-17T01:45:28.881Z, git+https://github.com/Azure/Connectors.git
@azure/connectors-indpayables, Microsoft Corporation, 2020-09-17T01:07:06.161Z, git+https://github.com/Azure/Connectors.git
@azure/connectors-infusionsoft, Microsoft Corporation, 2020-09-17T01:07:32.873Z, git+https://github.com/Azure/Connectors.git
@azure/connectors-instapaper, Microsoft Corporation, 2020-09-17T01:07:46.167Z, git+https://github.com/Azure/Connectors.git
@azure/connectors-plumsailhelpdesk, Microsoft Corporation, 2020-09-17T02:17:38.629Z, git+https://github.com/Azure/Connectors.git
@azure/connectors-plumsailsp, Microsoft Corporation, 2020-09-17T02:17:43.815Z, git+https://github.com/Azure/Connectors.git
@azure/connectors-knowledgelake, Microsoft Corporation, 2020-09-17T01:08:33.504Z, git+https://github.com/Azure/Connectors.git
@azure/connectors-kusto, Microsoft Corporation, 2020-09-15T20:06:49.564Z, git+https://github.com/Azure/Connectors.git
@azure/connectors-latinshareshppermissions, Microsoft Corporation, 2020-09-17T01:08:53.911Z, git+https://github.com/Azure/Connectors.git
@azure/connectors-rencorecode, Microsoft Corporation, 2020-09-17T02:18:44.081Z, git+https://github.com/Azure/Connectors.git
@azure/connectors-salesforce, Microsoft Corporation, 2020-09-15T20:07:53.583Z, git+https://github.com/Azure/Connectors.git
@azure/connectors-medium, Microsoft Corporation, 2020-09-17T01:43:49.313Z, git+https://github.com/Azure/Connectors.git
@azure/connectors-sftpssh, Microsoft Corporation, 2020-09-15T20:08:11.519Z, git+https://github.com/Azure/Connectors.git
@azure/connectors-motawordtranslations, Microsoft Corporation, 2020-09-17T01:44:37.477Z, git+https://github.com/Azure/Connectors.git
@azure/connectors-mtargetsms, Microsoft Corporation, 2020-09-17T01:44:56.985Z, git+https://github.com/Azure/Connectors.git
@azure/connectors-sqlserver, Microsoft Corporation, 2020-09-15T20:08:30.029Z, git+https://github.com/Azure/Connectors.git
@azure/connectors-survey123, Microsoft Corporation, 2020-09-17T03:00:06.272Z, git+https://github.com/Azure/Connectors.git
@azure/connectors-textanalytics, Microsoft Corporation, 2020-09-15T21:10:56.069Z, git+https://github.com/Azure/Connectors.git
@azure/connectors-opentextedocs, Microsoft Corporation, 2020-09-17T01:46:00.797Z, git+https://github.com/Azure/Connectors.git
@azure/connectors-parsuer, Microsoft Corporation, 2020-09-17T01:46:22.580Z, git+https://github.com/Azure/Connectors.git
@azure/connectors-pdf4me, Microsoft Corporation, 2020-09-17T01:46:43.781Z, git+https://github.com/Azure/Connectors.git
@azure/connectors-pinterest, Microsoft Corporation, 2020-09-17T01:46:49.251Z, git+https://github.com/Azure/Connectors.git
@azure/connectors-xooablockchaindatabase, Microsoft Corporation, 2020-09-17T03:02:59.467Z, git+https://github.com/Azure/Connectors.git
@azure/connectors-plumsaildocuments, Microsoft Corporation, 2020-09-17T02:17:33.031Z, git+https://github.com/Azure/Connectors.git
@azure/connectors-redmine, Microsoft Corporation, 2020-09-17T02:18:33.509Z, git+https://github.com/Azure/Connectors.git
@azure/connectors-rss, Microsoft Corporation, 2020-09-15T20:07:46.432Z, git+https://github.com/Azure/Connectors.git
@azure/connectors-sage100cloudvente, Microsoft Corporation, 2020-09-17T02:19:01.559Z, git+https://github.com/Azure/Connectors.git
@azure/connectors-shorturl, Microsoft Corporation, 2020-09-17T02:19:57.040Z, git+https://github.com/Azure/Connectors.git
@azure/connectors-sproketpoweractions, Microsoft Corporation, 2020-09-17T02:21:07.965Z, git+https://github.com/Azure/Connectors.git
@azure/connectors-tallyfy, Microsoft Corporation, 2020-09-17T03:00:17.988Z, git+https://github.com/Azure/Connectors.git
@azure/connectors-ventipixassetandinventory, Microsoft Corporation, 2020-09-17T03:02:11.038Z, git+https://github.com/Azure/Connectors.git
@azure/applicationinsights-query, Microsoft Corporation, 2019-01-30T23:44:24.952Z, git+https://github.com/azure/azure-sdk-for-js.git
@azure/connectors-authentiseorder, Microsoft Corporation, 2020-09-16T23:13:03.293Z, git+https://github.com/Azure/Connectors.git
@azure/connectors-azurecontainerinstance, Microsoft Corporation, 2020-09-15T20:04:00.221Z, git+https://github.com/Azure/Connectors.git
@azure/connectors-elasticocr, Microsoft Corporation, 2020-09-17T00:13:43.513Z, git+https://github.com/Azure/Connectors.git
@azure/connectors-entegrationsinvoicing, Microsoft Corporation, 2020-09-17T00:14:02.492Z, git+https://github.com/Azure/Connectors.git
@azure/connectors-bingsearch, Microsoft Corporation, 2020-09-16T23:14:02.777Z, git+https://github.com/Azure/Connectors.git
@azure/connectors-filesystem, Microsoft Corporation, 2020-09-17T00:14:38.762Z, git+https://github.com/Azure/Connectors.git
@azure/connectors-biztalkserver, Microsoft Corporation, 2020-09-16T23:14:20.373Z, git+https://github.com/Azure/Connectors.git
@azure/connectors-firetext, Microsoft Corporation, 2020-09-17T00:14:43.388Z, git+https://github.com/Azure/Connectors.git
@azure/connectors-fulcrum, Microsoft Corporation, 2020-09-17T01:04:59.640Z, git+https://github.com/Azure/Connectors.git
@azure/connectors-ciscowebexmeetings, Microsoft Corporation, 2020-09-17T00:11:27.353Z, git+https://github.com/Azure/Connectors.git
@azure/connectors-cloudpkimanagement, Microsoft Corporation, 2020-09-17T00:11:42.878Z, git+https://github.com/Azure/Connectors.git
@azure/connectors-contentmoderator, Microsoft Corporation, 2020-09-17T00:11:53.759Z, git+https://github.com/Azure/Connectors.git
@azure/connectors-derdacksignl4, Microsoft Corporation, 2020-09-17T02:20:12.480Z, git+https://github.com/Azure/Connectors.git
@azure/connectors-ibm3270, Microsoft Corporation, 2020-09-17T02:20:02.419Z, git+https://github.com/Azure/Connectors.git
@azure/connectors-industrialappstore, Microsoft Corporation, 2020-09-17T01:07:11.829Z, git+https://github.com/Azure/Connectors.git
@azure/connectors-dynamics365forfinops, Microsoft Corporation, 2020-09-15T20:05:49.377Z, git+https://github.com/Azure/Connectors.git
@azure/connectors-latinshareshpmanagement, Microsoft Corporation, 2020-09-17T01:08:47.268Z, git+https://github.com/Azure/Connectors.git
@azure/connectors-eventhubs, Microsoft Corporation, 2020-09-15T20:06:03.856Z, git+https://github.com/Azure/Connectors.git
@azure/arm-datalake-analytics, Microsoft Corporation, 2021-08-04T08:39:07.896Z, git+https://github.com/Azure/azure-sdk-for-js.git
@azure/arm-operations, Microsoft Corporation, 2021-10-08T02:54:38.835Z, git+https://github.com/Azure/azure-sdk-for-js.git
@azure/cognitiveservices-websearch, Microsoft Corporation, 2020-07-27T23:45:42.368Z, git+https://github.com/Azure/azure-sdk-for-js.git
@azure/connectors-excelonline, Microsoft Corporation, 2020-09-15T20:06:09.371Z, git+https://github.com/Azure/Connectors.git
@azure/connectors-mandrill, Microsoft Corporation, 2020-09-17T01:43:32.056Z, git+https://github.com/Azure/Connectors.git
@azure/connectors-partnercenterreferrals, Microsoft Corporation, 2020-09-17T01:46:37.313Z, git+https://github.com/Azure/Connectors.git
@azure/connectors-pivotaltracker, Microsoft Corporation, 2020-09-17T01:47:19.105Z, git+https://github.com/Azure/Connectors.git
@azure/connectors-politemail, Microsoft Corporation, 2020-09-17T02:17:49.076Z, git+https://github.com/Azure/Connectors.git
@azure/connectors-riskiq, Microsoft Corporation, 2020-09-17T02:18:49.240Z, git+https://github.com/Azure/Connectors.git
@azure/connectors-linkmobility, Microsoft Corporation, 2020-09-17T01:09:23.490Z, git+https://github.com/Azure/Connectors.git
@azure/connectors-scriveesign, Microsoft Corporation, 2020-09-17T02:19:06.781Z, git+https://github.com/Azure/Connectors.git
@azure/connectors-seektable, Microsoft Corporation, 2020-09-17T02:19:11.666Z, git+https://github.com/Azure/Connectors.git
@azure/connectors-shiftsformicrosoftteams, Microsoft Corporation, 2020-09-17T02:19:52.195Z, git+https://github.com/Azure/Connectors.git
@azure/connectors-signinghub, Microsoft Corporation, 2020-09-17T02:20:07.395Z, git+https://github.com/Azure/Connectors.git
@azure/connectors-slascone, Microsoft Corporation, 2020-09-17T02:20:27.768Z, git+https://github.com/Azure/Connectors.git
@azure/connectors-mitto, Microsoft Corporation, 2020-09-17T01:44:27.757Z, git+https://github.com/Azure/Connectors.git
@azure/connectors-mobilyws, Microsoft Corporation, 2020-09-17T01:44:32.526Z, git+https://github.com/Azure/Connectors.git
@azure/connectors-mysql, Microsoft Corporation, 2020-09-17T01:45:08.075Z, git+https://github.com/Azure/Connectors.git
@azure/connectors-nexmo, Microsoft Corporation, 2020-09-17T01:45:12.926Z, git+https://github.com/Azure/Connectors.git
@azure/connectors-ticketingevents, Microsoft Corporation, 2020-09-17T03:00:57.738Z, git+https://github.com/Azure/Connectors.git
@azure/connectors-todoist, Microsoft Corporation, 2020-09-17T03:01:15.938Z, git+https://github.com/Azure/Connectors.git
@azure/connectors-parserr, Microsoft Corporation, 2020-09-17T01:46:17.135Z, git+https://github.com/Azure/Connectors.git
@azure/connectors-partnercenterevents, Microsoft Corporation, 2020-09-17T01:46:31.659Z, git+https://github.com/Azure/Connectors.git
@azure/connectors-planner, Microsoft Corporation, 2020-09-15T20:07:33.338Z, git+https://github.com/Azure/Connectors.git
@azure/connectors-xooablockchainsmartcontract, Microsoft Corporation, 2020-09-17T03:03:05.366Z, git+https://github.com/Azure/Connectors.git
@azure/connectors-plivo, Microsoft Corporation, 2020-09-17T01:47:24.142Z, git+https://github.com/Azure/Connectors.git
@azure/connectors-zenkraft, Microsoft Corporation, 2020-09-17T03:03:28.354Z, git+https://github.com/Azure/Connectors.git
@azure/connectors-prioritymatrix, Microsoft Corporation, 2020-09-17T02:18:04.362Z, git+https://github.com/Azure/Connectors.git
@azure/connectors-sftp, Microsoft Corporation, 2020-09-17T02:19:41.997Z, git+https://github.com/Azure/Connectors.git
@azure/connectors-sharepoint, Microsoft Corporation, 2020-09-15T20:08:19.106Z, git+https://github.com/Azure/Connectors.git
@azure/connectors-smslink, Microsoft Corporation, 2020-09-17T02:20:42.664Z, git+https://github.com/Azure/Connectors.git
@azure/connectors-stormboard, Microsoft Corporation, 2020-09-17T02:21:18.480Z, git+https://github.com/Azure/Connectors.git
@azure/connectors-stripe, Microsoft Corporation, 2020-09-17T02:21:23.336Z, git+https://github.com/Azure/Connectors.git
@azure/connectors-trello, Microsoft Corporation, 2020-09-17T03:01:33.050Z, git+https://github.com/Azure/Connectors.git
@azure/connectors-txtsync, Microsoft Corporation, 2020-09-17T03:01:52.920Z, git+https://github.com/Azure/Connectors.git
@azure/connectors-aweber, Microsoft Corporation, 2020-09-16T23:13:08.735Z, git+https://github.com/Azure/Connectors.git
@azure/connectors-azureadidentityprotection, Microsoft Corporation, 2020-09-16T23:13:19.159Z, git+https://github.com/Azure/Connectors.git
@azure/connectors-azuredevops, Microsoft Corporation, 2020-09-15T20:08:49.063Z, git+https://github.com/Azure/Connectors.git
@azure/connectors-azureloganalyticsdatacollector, Microsoft Corporation, 2020-09-15T20:05:05.355Z, git+https://github.com/Azure/Connectors.git
@azure/connectors-bitly, Microsoft Corporation, 2020-09-16T23:14:14.986Z, git+https://github.com/Azure/Connectors.git
@azure/connectors-campfire, Microsoft Corporation, 2020-09-16T23:15:09.969Z, git+https://github.com/Azure/Connectors.git
@azure/connectors-acumatica, Microsoft Corporation, 2020-09-16T23:11:55.451Z, git+https://github.com/Azure/Connectors.git
@azure/connectors-amazonsqs, Microsoft Corporation, 2020-09-15T20:04:05.676Z, git+https://github.com/Azure/Connectors.git
@azure/connectors-atbotadmin, Microsoft Corporation, 2020-09-16T23:14:34.475Z, git+https://github.com/Azure/Connectors.git
@azure/connectors-data8, Microsoft Corporation, 2020-09-17T00:12:36.713Z, git+https://github.com/Azure/Connectors.git
@azure/connectors-dynamics365customerinsights, Microsoft Corporation, 2020-09-17T00:12:27.047Z, git+https://github.com/Azure/Connectors.git
@azure/connectors-azurecosmosdb, Microsoft Corporation, 2020-09-15T20:05:43.520Z, git+https://github.com/Azure/Connectors.git
@azure/connectors-azuredatalake, Microsoft Corporation, 2020-09-15T20:04:43.321Z, git+https://github.com/Azure/Connectors.git
@azure/connectors-dynamicsnav, Microsoft Corporation, 2020-09-17T00:13:09.790Z, git+https://github.com/Azure/Connectors.git
@azure/connectors-easyvistaselfhelp, Microsoft Corporation, 2020-09-17T00:13:23.803Z, git+https://github.com/Azure/Connectors.git
@azure/connectors-azurekeyvault, Microsoft Corporation, 2020-09-15T20:06:40.857Z, git+https://github.com/Azure/Connectors.git
@azure/connectors-emfluencemarketingplatform, Microsoft Corporation, 2020-09-17T00:13:48.523Z, git+https://github.com/Azure/Connectors.git
@azure/connectors-envoy, Microsoft Corporation, 2020-09-17T00:14:08.457Z, git+https://github.com/Azure/Connectors.git
@azure/connectors-exghtsgendocumentnmore, Microsoft Corporation, 2020-09-17T00:12:55.176Z, git+https://github.com/Azure/Connectors.git
@azure/connectors-computervisionapi, Microsoft Corporation, 2020-09-17T00:11:48.922Z, git+https://github.com/Azure/Connectors.git
@azure/connectors-gotomeeting, Microsoft Corporation, 2020-09-17T01:05:51.747Z, git+https://github.com/Azure/Connectors.git
@azure/connectors-contentconversion, Microsoft Corporation, 2020-09-17T00:12:17.718Z, git+https://github.com/Azure/Connectors.git
@azure/connectors-hellosign, Microsoft Corporation, 2020-09-17T01:06:19.166Z, git+https://github.com/Azure/Connectors.git
@azure/connectors-cpqsync, Microsoft Corporation, 2020-09-17T00:12:22.260Z, git+https://github.com/Azure/Connectors.git
@azure/connectors-inoreader, Microsoft Corporation, 2020-09-17T01:07:39.478Z, git+https://github.com/Azure/Connectors.git
@azure/connectors-freshbooks, Microsoft Corporation, 2020-09-17T00:15:04.650Z, git+https://github.com/Azure/Connectors.git
@azure/connectors-freshservice, Microsoft Corporation, 2020-09-17T01:04:53.459Z, git+https://github.com/Azure/Connectors.git
@azure/connectors-hotprofile, Microsoft Corporation, 2020-09-17T01:06:34.343Z, git+https://github.com/Azure/Connectors.git
@azure/cognitiveservices-qnamaker, Microsoft Corporation, 2020-11-09T19:33:50.882Z, git+https://github.com/Azure/azure-sdk-for-js.git
vscode-azurekudu, Microsoft Corporation, 2022-06-29T22:40:32.852Z, git+https://github.com/Microsoft/vscode-azuretools.git
@azure/cognitiveservices-contentmoderator, Microsoft Corporation, 2020-07-27T23:44:23.926Z, git+https://github.com/Azure/azure-sdk-for-js.git
@azure/cognitiveservices-customvision-training, Microsoft Corporation, 2020-11-10T23:14:25.679Z, git+https://github.com/Azure/azure-sdk-for-js.git
@azure/connectors-ally, Microsoft Corporation, 2020-09-16T23:12:24.865Z, git+https://github.com/Azure/Connectors.git
@azure/connectors-as2, Microsoft Corporation, 2020-09-16T23:12:46.205Z, git+https://github.com/Azure/Connectors.git
@azure/connectors-twitter, Microsoft Corporation, 2020-09-15T21:11:08.324Z, git+https://github.com/Azure/Connectors.git
@azure/connectors-webmerge, Microsoft Corporation, 2020-09-17T03:02:29.224Z, git+https://github.com/Azure/Connectors.git
@azure/connectors-wordonlinebusiness, Microsoft Corporation, 2020-09-17T03:02:35.630Z, git+https://github.com/Azure/Connectors.git
@azure/connectors-pipedrive, Microsoft Corporation, 2020-09-17T01:47:06.776Z, git+https://github.com/Azure/Connectors.git
@azure/connectors-regolinkforclarityppm, Microsoft Corporation, 2020-09-17T02:18:39.001Z, git+https://github.com/Azure/Connectors.git
@azure/connectors-sap, Microsoft Corporation, 2020-09-15T20:08:00.608Z, git+https://github.com/Azure/Connectors.git
@azure/connectors-telesignsms, Microsoft Corporation, 2020-09-17T03:00:45.256Z, git+https://github.com/Azure/Connectors.git
@azure/connectors-tractionguest, Microsoft Corporation, 2020-09-17T03:01:21.633Z, git+https://github.com/Azure/Connectors.git
@azure/connectors-xpertdoc, Microsoft Corporation, 2020-09-17T03:03:16.545Z, git+https://github.com/Azure/Connectors.git
@azure/connectors-azureautomation, Microsoft Corporation, 2020-09-15T20:04:21.724Z, git+https://github.com/Azure/Connectors.git
@azure/connectors-azureblobstorage, Microsoft Corporation, 2020-09-15T20:04:31.187Z, git+https://github.com/Azure/Connectors.git
@azure/connectors-azureloganalytics, Microsoft Corporation, 2020-09-16T23:13:32.659Z, git+https://github.com/Azure/Connectors.git
@azure/connectors-basecamp, Microsoft Corporation, 2020-09-16T23:13:37.975Z, git+https://github.com/Azure/Connectors.git
@azure/connectors-blogger, Microsoft Corporation, 2020-09-16T23:14:56.769Z, git+https://github.com/Azure/Connectors.git
@azure/connectors-box, Microsoft Corporation, 2020-09-15T20:05:28.486Z, git+https://github.com/Azure/Connectors.git
@azure/connectors-capsulecrm, Microsoft Corporation, 2020-09-16T23:15:16.136Z, git+https://github.com/Azure/Connectors.git
@azure/connectors-chatter, Microsoft Corporation, 2020-09-16T23:15:27.664Z, git+https://github.com/Azure/Connectors.git
@azure/connectors-cognitoforms, Microsoft Corporation, 2020-09-17T00:12:08.157Z, git+https://github.com/Azure/Connectors.git
@azure/connectors-customvision, Microsoft Corporation, 2020-09-17T00:11:58.688Z, git+https://github.com/Azure/Connectors.git
@azure/connectors-db2, Microsoft Corporation, 2020-09-17T00:12:41.341Z, git+https://github.com/Azure/Connectors.git
@azure/connectors-azureapplicationinsights, Microsoft Corporation, 2020-09-15T20:04:16.085Z, git+https://github.com/Azure/Connectors.git
@azure/connectors-dnboptimizer, Microsoft Corporation, 2020-09-17T00:12:46.070Z, git+https://github.com/Azure/Connectors.git
@azure/connectors-dynamics365, Microsoft Corporation, 2020-09-15T20:05:57.513Z, git+https://github.com/Azure/Connectors.git
@azure/connectors-azuredatafactory, Microsoft Corporation, 2020-09-15T20:04:37.353Z, git+https://github.com/Azure/Connectors.git
@azure/connectors-dynamics365salesinsights, Microsoft Corporation, 2020-09-16T23:12:52.608Z, git+https://github.com/Azure/Connectors.git
@azure/connectors-azureeventgridpublish, Microsoft Corporation, 2020-09-15T20:04:52.877Z, git+https://github.com/Azure/Connectors.git
@azure/connectors-excelonlineonedrive, Microsoft Corporation, 2020-09-17T00:14:20.871Z, git+https://github.com/Azure/Connectors.git
@azure/connectors-businesscentral, Microsoft Corporation, 2020-09-17T00:13:14.559Z, git+https://github.com/Azure/Connectors.git
@azure/connectors-gofileroom, Microsoft Corporation, 2020-09-17T01:05:18.780Z, git+https://github.com/Azure/Connectors.git
@azure/connectors-googlecalendar, Microsoft Corporation, 2020-09-17T01:05:25.198Z, git+https://github.com/Azure/Connectors.git
@azure/connectors-googlesheets, Microsoft Corporation, 2020-09-17T01:05:45.196Z, git+https://github.com/Azure/Connectors.git
@azure/connectors-d7sms, Microsoft Corporation, 2020-09-17T00:12:31.652Z, git+https://github.com/Azure/Connectors.git
@azure/connectors-houseraterqa, Microsoft Corporation, 2020-09-17T01:06:40.912Z, git+https://github.com/Azure/Connectors.git
@azure/connectors-dropbox, Microsoft Corporation, 2020-09-15T21:11:02.793Z, git+https://github.com/Azure/Connectors.git
@azure/connectors-dynamics365customervoice, Microsoft Corporation, 2020-09-17T01:44:13.054Z, git+https://github.com/Azure/Connectors.git
@azure/connectors-instagram, Microsoft Corporation, 2020-09-15T20:06:33.117Z, git+https://github.com/Azure/Connectors.git
@azure/connectors-junglemail365, Microsoft Corporation, 2020-09-17T01:08:20.080Z, git+https://github.com/Azure/Connectors.git
@azure/connectors-eduframe, Microsoft Corporation, 2020-09-17T00:13:33.086Z, git+https://github.com/Azure/Connectors.git
@azure/connectors-facebook, Microsoft Corporation, 2020-09-17T00:14:31.745Z, git+https://github.com/Azure/Connectors.git
@azure/connectors-forcamforcebridge, Microsoft Corporation, 2020-09-17T00:14:52.860Z, git+https://github.com/Azure/Connectors.git
@azure/connectors-getmyinvoices, Microsoft Corporation, 2020-09-17T01:05:06.065Z, git+https://github.com/Azure/Connectors.git
@azure/connectors-infobip, Microsoft Corporation, 2020-09-17T01:07:18.350Z, git+https://github.com/Azure/Connectors.git
@azure/connectors-luis, Microsoft Corporation, 2020-09-17T01:43:15.013Z, git+https://github.com/Azure/Connectors.git
@azure/connectors-signrequest, Microsoft Corporation, 2020-09-17T02:20:17.614Z, git+https://github.com/Azure/Connectors.git
@azure/connectors-skypeforbusinessonline, Microsoft Corporation, 2020-09-17T02:20:22.548Z, git+https://github.com/Azure/Connectors.git
@azure/connectors-smarp, Microsoft Corporation, 2020-09-17T02:20:32.631Z, git+https://github.com/Azure/Connectors.git
@azure/connectors-smartsheet, Microsoft Corporation, 2020-09-17T02:20:37.594Z, git+https://github.com/Azure/Connectors.git
@azure/connectors-mq, Microsoft Corporation, 2020-09-17T01:44:42.381Z, git+https://github.com/Azure/Connectors.git
@azure/connectors-soft1, Microsoft Corporation, 2020-09-17T02:20:52.860Z, git+https://github.com/Azure/Connectors.git
@azure/connectors-office365groupsmail, Microsoft Corporation, 2020-09-17T01:45:38.447Z, git+https://github.com/Azure/Connectors.git
@azure/connectors-teradata, Microsoft Corporation, 2020-09-17T03:00:51.818Z, git+https://github.com/Azure/Connectors.git
@azure/connectors-office365users, Microsoft Corporation, 2020-09-15T20:07:04.270Z, git+https://github.com/Azure/Connectors.git
azurite, Microsoft, 2024-08-21T17:57:51.458Z, git+https://github.com/azure/azurite.git
@azure/arm-sqlvirtualmachine, Microsoft Corporation, 2021-08-04T08:46:00.766Z, git+https://github.com/Azure/azure-sdk-for-js.git
@powerbi-cli/powerbi-cli, Jan Pieter Posthuma, 2023-01-03T14:33:20.495Z, git+https://github.com/liprec/powerbi-cli.git
@trulive/sye-tools, Trulive, 2020-03-19T14:31:06.926Z, git+https://github.com/trulive/sye-tools.git
@easyapis/easyapis-amazonsqs, Microsoft Corporation, 2020-09-04T06:48:12.116Z, git+https://github.com/Azure/azure-sdk-for-js.git
@easyapis/easyapis-azureautomation, Microsoft Corporation, 2020-09-04T06:41:56.472Z, git+https://github.com/Azure/azure-sdk-for-js.git
@easyapis/easyapis-azuredatafactory, Microsoft Corporation, 2020-09-04T06:45:52.920Z, git+https://github.com/Azure/azure-sdk-for-js.git
@easyapis/easyapis-azureloganalyticsdatacollector, Microsoft Corporation, 2020-09-04T06:39:41.918Z, git+https://github.com/Azure/azure-sdk-for-js.git
@easyapis/easyapis-documentdb, Microsoft Corporation, 2020-09-04T06:36:09.766Z, git+https://github.com/Azure/azure-sdk-for-js.git
@easyapis/easyapis-dynamicscrmonline, Microsoft Corporation, 2020-09-04T06:39:58.610Z, git+https://github.com/Azure/azure-sdk-for-js.git
@easyapis/easyapis-keyvault, Microsoft Corporation, 2020-09-04T06:41:41.679Z, git+https://github.com/Azure/azure-sdk-for-js.git
@easyapis/easyapis-office365, Microsoft Corporation, 2020-09-04T06:38:23.669Z, git+https://github.com/Azure/azure-sdk-for-js.git
@easyapis/easyapis-outlook, Microsoft Corporation, 2020-09-04T06:43:16.735Z, git+https://github.com/Azure/azure-sdk-for-js.git
@easyapis/easyapis-planner, Microsoft Corporation, 2020-09-04T06:45:04.930Z, git+https://github.com/Azure/azure-sdk-for-js.git
@easyapis/easyapis-salesforce, Microsoft Corporation, 2020-09-04T06:41:05.603Z, git+https://github.com/Azure/azure-sdk-for-js.git
@easyapis/easyapis-sharepointonline, Microsoft Corporation, 2020-09-04T06:37:50.090Z, git+https://github.com/Azure/azure-sdk-for-js.git
@easyapis/easyapis-teams, Microsoft Corporation, 2020-09-04T06:42:12.937Z, git+https://github.com/Azure/azure-sdk-for-js.git
timfpark-storage-blob, Microsoft Corporation, 2019-10-14T21:03:36.609Z, git+https://github.com/Azure/azure-sdk-for-js.git
one-sdk, lukeludlow, 2020-07-17T18:05:47.253Z, N/A
@foxmn/azure-database, Wassim Chegham, 2020-04-14T01:37:03.263Z, git+https://github.com/nestjs/azure-database.git
@chkimes/actions-cache, N/A, 2023-07-26T20:32:41.946Z, git+https://github.com/actions/toolkit.git
@azure/arm-locks-profile-hybrid-2019-03-01, Microsoft Corporation, 2022-04-27T21:16:53.250Z, git+https://github.com/azure/azure-sdk-for-js.git
@azure/cognitiveservices-formrecognizer, Microsoft Corporation, 2020-07-27T23:44:55.065Z, git+https://github.com/Azure/azure-sdk-for-js.git
hsolve, zeddev, 2020-07-17T21:35:42.121Z, N/A
azure-connectors, Microsoft Corporation, 2020-08-20T07:17:09.095Z, git+https://github.com/Azure/azure-sdk-for-js.git
azure-iot-digitaltwins-service, Microsoft Corp., 2020-07-17T18:42:47.180Z, git+https://github.com/azure/azure-iot-sdk-node.git
github-actions.cache-s3, Boris Staal, 2023-04-12T23:13:00.764Z, git+https://github.com/inossidabile/github-actions.toolkit-s3.git
@azure/cognitiveservices-autosuggest, Microsoft Corporation, 2020-07-27T23:44:13.083Z, git+https://github.com/Azure/azure-sdk-for-js.git
@azure/cognitiveservices-customimagesearch, Microsoft Corporation, 2020-07-27T23:44:29.323Z, git+https://github.com/Azure/azure-sdk-for-js.git
@azure/arm-servicemap, Microsoft Corporation, 2021-08-04T08:45:51.261Z, git+https://github.com/Azure/azure-sdk-for-js.git
@ubicloud/cache, N/A, 2024-06-28T16:18:31.777Z, git+https://github.com/ubicloud/toolkit.git
@azbake/ingredient-app-insights, HCHB, 2024-07-25T14:32:52.943Z, N/A
@olympeio-extensions/azure, N/A, 2024-09-12T13:38:42.196Z, N/A
@useblacksmith/cache, N/A, 2024-09-19T23:34:38.961Z, git+https://github.com/useblacksmith/toolkit.git
@azure/arm-commitmentplans, Microsoft Corporation, 2021-08-04T08:38:07.106Z, git+https://github.com/azure/azure-sdk-for-js.git
@naveego/client-auth, Microsoft Corporation, 2019-04-25T20:06:59.874Z, git+https://github.com/azure/azure-sdk-for-js.git
swagger-parameters-extractor, Microsoft Corporation, 2021-03-25T07:37:31.993Z, git+https://github.com/Azure/autorest.terraform.git
@easyapis/easyapis-applicationinsights, Microsoft Corporation, 2020-09-04T06:36:58.404Z, git+https://github.com/Azure/azure-sdk-for-js.git
@easyapis/easyapis-azurecommunicationservicessms, Microsoft Corporation, 2020-09-02T04:26:38.033Z, git+https://github.com/Azure/azure-sdk-for-js.git
@easyapis/easyapis-azuredatalake, Microsoft Corporation, 2020-09-04T06:46:39.405Z, git+https://github.com/Azure/azure-sdk-for-js.git
@easyapis/easyapis-cognitiveservicestextanalytics, Microsoft Corporation, 2020-09-04T06:45:21.128Z, git+https://github.com/Azure/azure-sdk-for-js.git
@easyapis/easyapis-excelonlinebusiness, Microsoft Corporation, 2020-09-04T06:42:28.360Z, git+https://github.com/Azure/azure-sdk-for-js.git
@easyapis/easyapis-gmail, Microsoft Corporation, 2020-09-04T06:44:18.942Z, git+https://github.com/Azure/azure-sdk-for-js.git
@easyapis/easyapis-onedriveforbusiness, Microsoft Corporation, 2020-09-04T06:40:46.634Z, git+https://github.com/Azure/azure-sdk-for-js.git
@easyapis/easyapis-sap, Microsoft Corporation, 2020-09-04T06:47:27.942Z, git+https://github.com/Azure/azure-sdk-for-js.git
@easyapis/easyapis-twitter, Microsoft Corporation, 2020-09-04T06:35:38.938Z, git+https://github.com/Azure/azure-sdk-for-js.git
@easyapis/easyapis-webcontents, Microsoft Corporation, 2020-09-04T06:47:09.642Z, git+https://github.com/Azure/azure-sdk-for-js.git
vscode-azureextensiondev, N/A, 2022-02-09T01:30:07.105Z, https://github.com/Microsoft/vscode-azuretools
tocapilibraryts, TeamImprover, 2020-02-07T13:45:16.545Z, git+https://github.com/TeamOrgChart/TocApiLibraryTs.git
wechaty-qnamaker, Huan LI, 2020-08-05T15:32:41.826Z, git+https://github.com/wechaty/wechaty-qnamaker.git
@dinohorvat/azure-db, Dino Horvat, 2020-11-04T11:37:35.773Z, git+https://github.com/dinohorvat/azure-database.git
@zhenglaizhang/oav, Microsoft Corporation, 2021-06-29T05:27:40.868Z, git+https://github.com/azure/oav.git
@azure/arm-network-profile-2019-03-01-hybrid, Microsoft Corporation, 2022-04-27T21:17:20.535Z, git+https://github.com/azure/azure-sdk-for-js.git
@azure/arm-resources-profile-hybrid-2019-03-01, Microsoft Corporation, 2022-04-27T21:17:53.840Z, git+https://github.com/azure/azure-sdk-for-js.git
@azure/arm-storage-profile-2019-03-01-hybrid, Microsoft Corporation, 2022-04-27T21:18:08.287Z, git+https://github.com/azure/azure-sdk-for-js.git
@azure/cognitiveservices-anomalydetector, Microsoft Corporation, 2020-07-28T00:04:26.030Z, git+https://github.com/Azure/azure-sdk-for-js.git
@azure/arm-dns-profile-2019-03-01-hybrid, Microsoft Corporation, 2022-04-27T21:16:19.912Z, git+https://github.com/azure/azure-sdk-for-js.git
botserver, N/A, 2023-08-01T16:10:35.069Z, git+https://github.com/GeneralBots/BotServer.git
botbuilder-skills, Microsoft, 2019-11-28T19:59:02.678Z, N/A
connectors-dropbox, Microsoft Corporation, 2020-08-20T09:12:51.215Z, git+https://github.com/Azure/azure-sdk-for-js.git
connectors-sdk, lukeludlow, 2020-07-21T23:14:07.732Z, N/A
@cache-nix-action/cache, N/A, 2024-03-09T20:35:42.290Z, git+https://github.com/actions/toolkit.git
@azure/cognitiveservices-newssearch, Microsoft Corporation, 2020-07-27T23:45:10.690Z, git+https://github.com/Azure/azure-sdk-for-js.git
@azure/cognitiveservices-textanalytics, Microsoft Corporation, 2019-09-11T17:33:32.998Z, git+https://github.com/Azure/azure-sdk-for-js.git
@azure/loganalytics, Microsoft Corporation, 2021-08-11T21:05:20.011Z, git+https://github.com/azure/azure-sdk-for-js.git
@azure/arm-batchai, Microsoft Corporation, 2021-08-04T08:37:35.317Z, git+https://github.com/azure/azure-sdk-for-js.git
ado-test-history, N/A, 2024-05-16T22:49:11.669Z, N/A
or-msteams-v2, Arsen Terletskyi, 2024-09-11T13:02:19.024Z, N/A
@azure/arm-commerce, Microsoft Corporation, 2021-10-13T07:13:28.791Z, git+https://github.com/Azure/azure-sdk-for-js.git
@martijnhols/actions-cache, N/A, 2022-10-13T12:58:31.591Z, git+https://github.com/actions/toolkit.git
@streetcred.id/service-clients, Streetcred ID Inc., 2020-06-10T02:05:07.798Z, N/A
@easyapis/easyapis-aci, Microsoft Corporation, 2020-09-04T06:43:33.001Z, git+https://github.com/Azure/azure-sdk-for-js.git
@easyapis/easyapis-commondataservice, Microsoft Corporation, 2020-09-04T06:39:27.321Z, git+https://github.com/Azure/azure-sdk-for-js.git
